ID	Timestamp	Emitter	Resources	Buildups	Text	Annotation	Comment
1	22:49:35:272	sabercat	clay=0; ore=0; sheep=0; wheat=0; wood=0; unknown=0; knights=0; dev-cards=0		I think some of them have played one game only	 	 
2	22:50:12:881	amycharl	clay=0; ore=0; sheep=0; wheat=0; wood=0; unknown=0; knights=0; dev-cards=0		surely not	 	 
3	22:50:21:859	amycharl	clay=0; ore=0; sheep=0; wheat=0; wood=0; unknown=0; knights=0; dev-cards=0		iv played two now and i thort i was behind	 	 
4	22:50:28:834	amycharl	clay=0; ore=0; sheep=0; wheat=0; wood=0; unknown=0; knights=0; dev-cards=0		a couple have been layed without me	 	 
4.1	22:56:44:094	skinnylinny	 	 	Sorry that took so long	 	 
5	22:56:44:965	sabercat	clay=0; ore=0; sheep=0; wheat=0; wood=0; unknown=0; knights=0; dev-cards=0		oh come one, I will fall asleep! whats taking him so long?	 	 
6	22:56:50:358	sabercat	clay=0; ore=0; sheep=0; wheat=0; wood=0; unknown=0; knights=0; dev-cards=0		okay	 	 
7	22:56:53:259	sabercat	clay=0; ore=0; sheep=0; wheat=0; wood=0; unknown=0; knights=0; dev-cards=0		:D	 	 
8	22:56:55:760	amycharl	clay=0; ore=0; sheep=0; wheat=0; wood=0; unknown=0; knights=0; dev-cards=0		hah	 	 
9	22:57:40:477	Server	 		skinnylinny built a settlement.	 	 
10	22:57:43:240	Server	 		skinnylinny built a road.	 	 
11	22:57:49:963	Server	 		amycharl built a settlement.	 	 
12	22:57:52:892	Server	 		amycharl built a road.	 	 
13	22:58:12:983	Server	 		sabercat built a settlement.	 	 
14	22:58:14:432	Server	 		sabercat built a road.	 	 
15	22:58:20:790	Server	 		sabercat built a settlement.	 	 
16	22:58:25:112	Server	 		sabercat built a road.	 	 
17	22:58:29:874	Server	 		amycharl built a settlement.	 	 
18	22:58:43:385	Server	 		amycharl built a road.	 	 
19	22:59:45:352	Server	 		skinnylinny built a settlement.	 	 
20	22:59:51:891	Server	 		skinnylinny built a road.	 	 
21	22:59:56:840	Server	 		skinnylinny rolled a 5 and a 6.	 	 
22	22:59:56:840	Server	 		sabercat gets 1 wood. skinnylinny gets 1 wood.	 	 
23	23:00:05:123	skinnylinny	clay=0; ore=1; sheep=1; wheat=1; wood=1; unknown=0; knights=0; dev-cards=0	roads=[120,68]; settlements=[120,84]	Yay!	 	 
24	23:00:26:795	Server	 		amycharl rolled a 6 and a 4.	 	 
25	23:00:26:795	Server	 		sabercat gets 1 clay. amycharl gets 1 clay.	 	 
26	23:00:35:145	Server	 		sabercat rolled a 5 and a 6.	 	 
27	23:00:35:146	Server	 		sabercat gets 1 wood. skinnylinny gets 1 wood.	 	 
28	23:00:58:683	sabercat	clay=2; ore=0; sheep=1; wheat=0; wood=3; unknown=0; knights=0; dev-cards=0	roads=[71,118]; settlements=[88,135]	anyone can trade clay when I give sheep?	 	 
29	23:01:16:064	amycharl	clay=2; ore=1; sheep=0; wheat=1; wood=0; unknown=0; knights=0; dev-cards=0	roads=[169,99]; settlements=[186,116]	sure	 	 
30	23:01:25:749	Server	 		sabercat made an offer to trade 1 sheep for 1 clay.	 	 
31	23:01:30:608	Server	 		sabercat traded 1 sheep for 1 clay from amycharl.	 	 
32	23:01:36:555	Server	 		sabercat built a road.	 	 
33	23:01:43:257	Server	 		sabercat built a road.	 	 
34	23:02:01:564	Server	 		sabercat built a road.	 	 
35	23:02:27:703	sabercat	clay=0; ore=0; sheep=0; wheat=0; wood=0; unknown=0; knights=0; dev-cards=0	roads=[71,118; 118,102; 102,86; 86,70]; settlements=[88,135]	thanks	 	 
36	23:02:30:619	skinnylinny	clay=0; ore=0; sheep=0; wheat=0; wood=2; unknown=0; knights=0; dev-cards=1	roads=[120,68]; settlements=[120,84]	Wow	 	 
37	23:02:34:921	Server	 		skinnylinny rolled a 1 and a 2.	 	 
38	23:02:34:921	Server	 		skinnylinny gets 1 wheat. amycharl gets 1 wheat.	 	 
39	23:02:59:478	Server	 		amycharl rolled a 5 and a 2.	 	 
40	23:03:30:633	Server	 		amycharl built a road.	 	 
41	23:03:45:215	Server	 		sabercat rolled a 3 and a 5.	 	 
42	23:03:45:216	Server	 		skinnylinny gets 1 ore. amycharl gets 1 ore, 1 wood.	 	 
43	23:03:57:226	Server	 		skinnylinny rolled a 3 and a 4.	 	 
44	23:04:04:676	skinnylinny	clay=0; ore=1; sheep=0; wheat=1; wood=1; unknown=0; knights=1; dev-cards=0	roads=[120,68]; settlements=[120,84]	Again?	 	 
45	23:04:09:119	sabercat	clay=0; ore=0; sheep=0; wheat=0; wood=0; unknown=0; knights=0; dev-cards=0	roads=[71,118; 118,102; 102,86; 86,70]; settlements=[88,135]	steal the resources from me!	 	 
46	23:04:18:273	skinnylinny	clay=0; ore=1; sheep=0; wheat=1; wood=1; unknown=0; knights=1; dev-cards=0	roads=[120,68]; settlements=[120,84]	You don't have any!	 	 
47	23:04:24:396	sabercat	clay=0; ore=0; sheep=0; wheat=0; wood=0; unknown=0; knights=0; dev-cards=0	roads=[71,118; 118,102; 102,86; 86,70]; settlements=[88,135]	thats why!	 	 
48	23:04:34:934	amycharl	clay=0; ore=1; sheep=0; wheat=0; wood=1; unknown=0; knights=0; dev-cards=1	roads=[169,99; 99,168]; settlements=[186,116]	oi	 	 
49	23:04:36:834	amycharl	clay=0; ore=1; sheep=0; wheat=0; wood=1; unknown=0; knights=0; dev-cards=1	roads=[169,99; 99,168]; settlements=[186,116]	:)	 	 
50	23:04:40:155	skinnylinny	clay=0; ore=1; sheep=0; wheat=2; wood=1; unknown=0; knights=1; dev-cards=0	roads=[120,68]; settlements=[120,84]	XD	 	 
51	23:04:43:804	skinnylinny	clay=0; ore=1; sheep=0; wheat=2; wood=1; unknown=0; knights=1; dev-cards=0	roads=[120,68]; settlements=[120,84]	skinnylinny rides again!	 	 
52	23:04:53:333	Server	 		amycharl rolled a 2 and a 1.	 	 
53	23:04:53:334	Server	 		skinnylinny gets 1 wheat.	 	 
54	23:06:00:952	Server	 		amycharl built a road.	 	 
55	23:06:11:625	Server	 		amycharl built a road.	 	 
56	23:06:19:942	Server	 		sabercat rolled a 5 and a 2.	 	 
57	23:06:40:846	Server	 		skinnylinny rolled a 4 and a 1.	 	 
58	23:06:40:847	Server	 		skinnylinny gets 1 clay. amycharl gets 1 wheat.	 	 
59	23:07:33:404	Server	 		amycharl rolled a 4 and a 6.	 	 
60	23:07:33:405	Server	 		sabercat gets 1 clay. amycharl gets 1 clay.	 	 
61	23:07:46:163	Server	 		sabercat rolled a 3 and a 3.	 	 
62	23:07:46:163	Server	 		sabercat gets 1 clay. skinnylinny gets 1 clay.	 	 
63	23:08:16:088	Server	 		skinnylinny rolled a 2 and a 5.	 	 
64	23:08:19:668	skinnylinny	clay=2; ore=1; sheep=0; wheat=3; wood=1; unknown=0; knights=1; dev-cards=0	roads=[120,68]; settlements=[120,84]	Gah	 	 
65	23:08:30:633	sabercat	clay=2; ore=0; sheep=0; wheat=0; wood=1; unknown=0; knights=0; dev-cards=0	roads=[71,118; 118,102; 102,86; 86,70]; settlements=[88,135]	I think they changed	 	 
66	23:08:47:685	Server	 		amycharl rolled a 5 and a 6.	 	 
67	23:08:47:686	Server	 		sabercat gets 1 wood. skinnylinny gets 1 wood.	 	 
68	23:08:49:968	sabercat	clay=2; ore=0; sheep=0; wheat=0; wood=2; unknown=0; knights=0; dev-cards=0	roads=[71,118; 118,102; 102,86; 86,70]; settlements=[88,135]	the algorithm	 	 
69	23:08:59:001	sabercat	clay=2; ore=0; sheep=0; wheat=0; wood=2; unknown=0; knights=0; dev-cards=0	roads=[71,118; 118,102; 102,86; 86,70]; settlements=[88,135]	for rolling numbers	 	 
70	23:09:12:806	skinnylinny	clay=2; ore=1; sheep=0; wheat=3; wood=2; unknown=0; knights=1; dev-cards=0	roads=[120,68]; settlements=[120,84]	What, so I always roll 7?	 	 
71	23:09:23:648	sabercat	clay=2; ore=0; sheep=0; wheat=0; wood=2; unknown=0; knights=0; dev-cards=0	roads=[71,118; 118,102; 102,86; 86,70]; settlements=[88,135]	well, its the most probable	 	 
72	23:09:25:593	Server	 		sabercat rolled a 2 and a 5.	 	 
73	23:09:33:121	sabercat	clay=2; ore=0; sheep=0; wheat=0; wood=2; unknown=0; knights=0; dev-cards=0	roads=[71,118; 118,102; 102,86; 86,70]; settlements=[88,135]	sorry	 	 
74	23:09:47:833	skinnylinny	clay=1; ore=0; sheep=0; wheat=2; wood=1; unknown=0; knights=1; dev-cards=0	roads=[120,68]; settlements=[120,84]	No worries	 	 
75	23:10:07:092	sabercat	clay=2; ore=0; sheep=0; wheat=1; wood=2; unknown=0; knights=0; dev-cards=0	roads=[71,118; 118,102; 102,86; 86,70]; settlements=[88,135]	skinny, got sheep?	 	 
76	23:10:16:919	skinnylinny	clay=1; ore=0; sheep=0; wheat=2; wood=1; unknown=0; knights=1; dev-cards=0	roads=[120,68]; settlements=[120,84]	Nope	 	 
77	23:10:33:843	skinnylinny	clay=1; ore=0; sheep=0; wheat=2; wood=1; unknown=0; knights=1; dev-cards=0	roads=[120,68]; settlements=[120,84]	Also, neither of you can build a settlement without sheep...	 	 
78	23:10:39:402	Server	 		skinnylinny rolled a 3 and a 4.	 	 
79	23:10:54:859	sabercat	clay=2; ore=0; sheep=0; wheat=1; wood=2; unknown=0; knights=0; dev-cards=0	roads=[71,118; 118,102; 102,86; 86,70]; settlements=[88,135]	why the 7	 	 
80	23:11:14:118	Server	 		skinnylinny built a road.	 	 
81	23:11:24:951	Server	 		amycharl rolled a 2 and a 1.	 	 
82	23:11:24:952	Server	 		skinnylinny gets 1 wheat. amycharl gets 1 wheat.	 	 
83	23:11:30:493	sabercat	clay=1; ore=0; sheep=0; wheat=1; wood=2; unknown=0; knights=0; dev-cards=0	roads=[71,118; 118,102; 102,86; 86,70]; settlements=[88,135]	gee thanks!	 	 
84	23:11:37:256	skinnylinny	clay=1; ore=0; sheep=0; wheat=3; wood=0; unknown=0; knights=1; dev-cards=0	roads=[120,68; 68,52]; settlements=[120,84]	XD	 	 
85	23:11:39:758	Server	 		sabercat rolled a 6 and a 1.	 	 
86	23:11:48:891	sabercat	clay=1; ore=0; sheep=0; wheat=1; wood=2; unknown=0; knights=0; dev-cards=0	roads=[71,118; 118,102; 102,86; 86,70]; settlements=[88,135]	godbless	 	 
87	23:12:06:946	Server	 		skinnylinny rolled a 6 and a 4.	 	 
88	23:12:06:947	Server	 		sabercat gets 1 clay. amycharl gets 1 clay.	 	 
89	23:13:06:783	sabercat	clay=3; ore=0; sheep=0; wheat=1; wood=2; unknown=0; knights=0; dev-cards=0	roads=[71,118; 118,102; 102,86; 86,70]; settlements=[88,135]	wanted seven, got 10?	 	 
90	23:13:27:880	skinnylinny	clay=1; ore=0; sheep=0; wheat=3; wood=0; unknown=0; knights=1; dev-cards=0	roads=[120,68; 68,52]; settlements=[120,84]	:P	 	 
91	23:13:34:807	Server	 		amycharl rolled a 5 and a 6.	 	 
92	23:13:34:807	Server	 		sabercat gets 1 wood. skinnylinny gets 1 wood.	 	 
93	23:14:02:212	Server	 		sabercat rolled a 3 and a 1.	 	 
94	23:14:02:213	Server	 		skinnylinny gets 1 sheep. amycharl gets 1 wood.	 	 
95	23:14:19:175	Server	 		sabercat built a road.	 	 
96	23:14:26:082	Server	 		sabercat built a road.	 	 
97	23:14:32:603	Server	 		sabercat built a road.	 	 
98	23:14:42:060	Server	 		skinnylinny rolled a 6 and a 3.	 	 
99	23:14:42:060	Server	 		sabercat gets 1 ore, 1 sheep.	 	 
100	23:14:50:124	sabercat	clay=0; ore=1; sheep=1; wheat=1; wood=0; unknown=0; knights=0; dev-cards=0	roads=[71,118; 118,102; 102,86; 86,70; 70,134; 134,150; 150,166]; settlements=[88,135]	now???	 	 
101	23:14:50:927	Server	 		amycharl rolled a 2 and a 3.	 	 
102	23:14:50:927	Server	 		skinnylinny gets 1 clay. amycharl gets 1 wheat.	 	 
103	23:14:51:398	skinnylinny	clay=2; ore=0; sheep=1; wheat=3; wood=1; unknown=0; knights=1; dev-cards=0	roads=[120,68; 68,52]; settlements=[120,84]	Argh	 	 
104	23:14:56:041	skinnylinny	clay=2; ore=0; sheep=1; wheat=3; wood=1; unknown=0; knights=1; dev-cards=0	roads=[120,68; 68,52]; settlements=[120,84]	Didn't mean to do that	 	 
105	23:15:09:256	skinnylinny	clay=2; ore=0; sheep=1; wheat=3; wood=1; unknown=0; knights=1; dev-cards=0	roads=[120,68; 68,52]; settlements=[120,84]	But my buying things were greyed out	 	 
106	23:15:32:084	Server	 		sabercat rolled a 6 and a 6.	 	 
107	23:15:32:084	Server	 		sabercat gets 1 wheat.	 	 
108	23:15:49:463	Server	 		skinnylinny rolled a 4 and a 1.	 	 
109	23:15:49:464	Server	 		skinnylinny gets 1 clay. amycharl gets 1 wheat.	 	 
110	23:15:53:879	Server	 		skinnylinny built a settlement.	 	 
111	23:16:03:224	sabercat	clay=0; ore=0; sheep=0; wheat=1; wood=0; unknown=0; knights=0; dev-cards=1	roads=[71,118; 118,102; 102,86; 86,70; 70,134; 134,150; 150,166]; settlements=[88,135]	oh come on... enough of no resources	 	 
112	23:16:23:857	skinnylinny	clay=2; ore=0; sheep=0; wheat=2; wood=0; unknown=0; knights=1; dev-cards=0	roads=[120,68; 68,52]; settlements=[120,84; 84,52]	sabercat: Got wood?	 	 
113	23:16:29:690	sabercat	clay=0; ore=0; sheep=0; wheat=1; wood=0; unknown=0; knights=0; dev-cards=1	roads=[71,118; 118,102; 102,86; 86,70; 70,134; 134,150; 150,166]; settlements=[88,135]	nope	 	 
114	23:16:38:523	amycharl	clay=1; ore=1; sheep=0; wheat=3; wood=1; unknown=0; knights=0; dev-cards=0	roads=[169,99; 99,168; 168,167; 167,184]; settlements=[186,116]	yer	 	 
115	23:16:45:590	amycharl	clay=1; ore=1; sheep=0; wheat=3; wood=1; unknown=0; knights=0; dev-cards=0	roads=[169,99; 99,168; 168,167; 167,184]; settlements=[186,116]	only one tho	 	 
116	23:17:34:889	sabercat	clay=0; ore=0; sheep=0; wheat=1; wood=0; unknown=0; knights=0; dev-cards=1	roads=[71,118; 118,102; 102,86; 86,70; 70,134; 134,150; 150,166]; settlements=[88,135]	whats happening?	 	 
117	23:17:59:009	skinnylinny	clay=2; ore=0; sheep=0; wheat=2; wood=0; unknown=0; knights=1; dev-cards=0	roads=[120,68; 68,52]; settlements=[120,84; 84,52]	Oh, sorry	 	 
118	23:17:59:779	Server	 		amycharl rolled a 2 and a 6.	 	 
119	23:17:59:779	Server	 		skinnylinny gets 1 ore. amycharl gets 1 ore.	 	 
120	23:18:04:737	skinnylinny	clay=2; ore=1; sheep=0; wheat=2; wood=0; unknown=0; knights=1; dev-cards=0	roads=[120,68; 68,52]; settlements=[120,84; 84,52]	"Thought I'd hit ""Done"""	 	 
121	23:18:20:140	amycharl	clay=1; ore=2; sheep=0; wheat=3; wood=1; unknown=0; knights=0; dev-cards=0	roads=[169,99; 99,168; 168,167; 167,184]; settlements=[186,116]	anyone got a sheep?	 	 
122	23:18:21:292	sabercat	clay=0; ore=0; sheep=0; wheat=1; wood=0; unknown=0; knights=0; dev-cards=1	roads=[71,118; 118,102; 102,86; 86,70; 70,134; 134,150; 150,166]; settlements=[88,135]	:D	 	 
123	23:18:26:894	sabercat	clay=0; ore=0; sheep=0; wheat=1; wood=0; unknown=0; knights=0; dev-cards=1	roads=[71,118; 118,102; 102,86; 86,70; 70,134; 134,150; 150,166]; settlements=[88,135]	nope	 	 
124	23:19:40:673	skinnylinny	clay=2; ore=1; sheep=0; wheat=2; wood=0; unknown=0; knights=1; dev-cards=0	roads=[120,68; 68,52]; settlements=[120,84; 84,52]	Nope	 	 
125	23:20:13:630	Server	 		amycharl built a road.	 	 
126	23:20:24:204	Server	 		sabercat rolled a 5 and a 6.	 	 
127	23:20:24:204	Server	 		sabercat gets 1 wood. skinnylinny gets 2 wood.	 	 
128	23:20:33:953	Server	 		skinnylinny rolled a 5 and a 1.	 	 
129	23:20:33:954	Server	 		sabercat gets 1 clay. skinnylinny gets 1 clay.	 	 
130	23:20:49:751	Server	 		skinnylinny built a road.	 	 
131	23:20:57:967	Server	 		skinnylinny built a road.	 	 
132	23:21:14:768	Server	 		amycharl rolled a 3 and a 5.	 	 
133	23:21:14:768	Server	 		skinnylinny gets 1 ore. amycharl gets 1 ore.	 	 
134	23:21:26:856	Server	 		amycharl built a city.	 	 
135	23:21:33:413	Server	 		sabercat rolled a 4 and a 6.	 	 
136	23:21:33:414	Server	 		sabercat gets 1 clay. amycharl gets 2 clay.	 	 
137	23:21:47:300	sabercat	clay=2; ore=0; sheep=0; wheat=1; wood=1; unknown=0; knights=0; dev-cards=1	roads=[71,118; 118,102; 102,86; 86,70; 70,134; 134,150; 150,166]; settlements=[88,135]	noone has sheep :D	 	 
138	23:21:57:653	Server	 		skinnylinny rolled a 5 and a 6.	 	 
139	23:21:57:653	Server	 		sabercat gets 1 wood. skinnylinny gets 2 wood.	 	 
140	23:22:05:868	skinnylinny	clay=1; ore=2; sheep=0; wheat=2; wood=2; unknown=0; knights=1; dev-cards=0	roads=[120,68; 68,52; 52,36; 36,37]; settlements=[120,84; 84,52]	Wait what?	 	 
141	23:22:10:120	skinnylinny	clay=1; ore=2; sheep=0; wheat=2; wood=2; unknown=0; knights=1; dev-cards=0	roads=[120,68; 68,52; 52,36; 36,37]; settlements=[120,84; 84,52]	a 5 and a 6?	 	 
142	23:22:46:578	amycharl	clay=2; ore=0; sheep=0; wheat=1; wood=0; unknown=0; knights=0; dev-cards=0	roads=[169,99; 99,168; 168,167; 167,184; 184,98]	huh?	 	 
143	23:23:00:814	skinnylinny	clay=1; ore=2; sheep=0; wheat=2; wood=2; unknown=0; knights=1; dev-cards=0	roads=[120,68; 68,52; 52,36; 36,37]; settlements=[120,84; 84,52]	I rolled a 5 and a 6, apparently.	 	 
144	23:23:09:313	sabercat	clay=2; ore=0; sheep=0; wheat=1; wood=2; unknown=0; knights=0; dev-cards=1	roads=[71,118; 118,102; 102,86; 86,70; 70,134; 134,150; 150,166]; settlements=[88,135]	what?	 	 
145	23:23:33:774	sabercat	clay=2; ore=0; sheep=0; wheat=1; wood=2; unknown=0; knights=0; dev-cards=1	roads=[71,118; 118,102; 102,86; 86,70; 70,134; 134,150; 150,166]; settlements=[88,135]	it gave you bad resources?	 	 
146	23:23:36:669	skinnylinny	clay=1; ore=2; sheep=0; wheat=2; wood=2; unknown=0; knights=1; dev-cards=0	roads=[120,68; 68,52; 52,36; 36,37]; settlements=[120,84; 84,52]	N	 	 
147	23:23:48:145	skinnylinny	clay=1; ore=2; sheep=0; wheat=2; wood=2; unknown=0; knights=1; dev-cards=0	roads=[120,68; 68,52; 52,36; 36,37]; settlements=[120,84; 84,52]	*No	 	 
148	23:23:58:228	skinnylinny	clay=1; ore=2; sheep=0; wheat=2; wood=2; unknown=0; knights=1; dev-cards=0	roads=[120,68; 68,52; 52,36; 36,37]; settlements=[120,84; 84,52]	"It normally says ""rolled a 11"""	 	 
149	23:24:00:207	sabercat	clay=2; ore=0; sheep=0; wheat=1; wood=2; unknown=0; knights=0; dev-cards=1	roads=[71,118; 118,102; 102,86; 86,70; 70,134; 134,150; 150,166]; settlements=[88,135]	oh, the numbers add up to eleven	 	 
150	23:24:08:219	Server	 		amycharl rolled a 5 and a 5.	 	 
151	23:24:08:219	Server	 		sabercat gets 1 clay. amycharl gets 2 clay.	 	 
152	23:24:20:647	sabercat	clay=3; ore=0; sheep=0; wheat=1; wood=2; unknown=0; knights=0; dev-cards=1	roads=[71,118; 118,102; 102,86; 86,70; 70,134; 134,150; 150,166]; settlements=[88,135]	it does for us... it said you rolled 11	 	 
153	23:24:23:916	Server	 		sabercat rolled a 3 and a 5.	 	 
154	23:24:23:916	Server	 		skinnylinny gets 1 ore. amycharl gets 2 ore.	 	 
155	23:24:48:341	skinnylinny	clay=1; ore=3; sheep=0; wheat=2; wood=2; unknown=0; knights=1; dev-cards=0	roads=[120,68; 68,52; 52,36; 36,37]; settlements=[120,84; 84,52]	"It said ""5 and a 6"" for me"	 	 
156	23:24:50:001	Server	 		skinnylinny rolled a 4 and a 1.	 	 
157	23:24:50:002	Server	 		skinnylinny gets 1 clay. amycharl gets 2 wheat.	 	 
158	23:24:57:266	Server	 		skinnylinny built a city.	 	 
159	23:25:03:311	Server	 		skinnylinny built a road.	 	 
160	23:25:13:312	Server	 		skinnylinny built a road.	 	 
161	23:25:16:093	sabercat	clay=3; ore=0; sheep=0; wheat=1; wood=2; unknown=0; knights=0; dev-cards=1	roads=[71,118; 118,102; 102,86; 86,70; 70,134; 134,150; 150,166]; settlements=[88,135]	oh you, citybuilders!	 	 
162	23:25:28:116	Server	 		amycharl rolled a 2 and a 6.	 	 
163	23:25:28:116	Server	 		skinnylinny gets 2 ore. amycharl gets 2 ore.	 	 
164	23:25:37:147	sabercat	clay=3; ore=0; sheep=0; wheat=1; wood=2; unknown=0; knights=0; dev-cards=1	roads=[71,118; 118,102; 102,86; 86,70; 70,134; 134,150; 150,166]; settlements=[88,135]	didyou notice there was no nine ever?	 	 
165	23:26:07:357	Server	 		amycharl traded 4 ore for 1 sheep from the bank.	 	 
166	23:26:27:063	Server	 		amycharl traded 4 clay for 1 sheep from the bank.	 	 
167	23:26:35:973	Server	 		sabercat rolled a 4 and a 1.	 	 
168	23:26:35:973	Server	 		skinnylinny gets 1 clay. amycharl gets 2 wheat.	 	 
169	23:26:48:316	Server	 		skinnylinny rolled a 2 and a 6.	 	 
170	23:26:48:316	Server	 		skinnylinny gets 2 ore. amycharl gets 2 ore.	 	 
171	23:26:58:144	sabercat	clay=3; ore=0; sheep=0; wheat=1; wood=2; unknown=0; knights=0; dev-cards=1	roads=[71,118; 118,102; 102,86; 86,70; 70,134; 134,150; 150,166]; settlements=[88,135]	and a whole round with no resource added	 	 
172	23:27:34:282	Server	 		skinnylinny traded 4 ore for 1 wood from the bank.	 	 
173	23:27:44:840	Server	 		skinnylinny built a road.	 	 
174	23:27:53:109	Server	 		amycharl rolled a 3 and a 6.	 	 
175	23:27:53:109	Server	 		sabercat gets 1 ore, 1 sheep.	 	 
176	23:28:00:497	amycharl	clay=0; ore=2; sheep=2; wheat=5; wood=0; unknown=0; knights=0; dev-cards=0	roads=[169,99; 99,168; 168,167; 167,184; 184,98]	theres your 9	 	 
177	23:28:01:577	sabercat	clay=3; ore=1; sheep=1; wheat=1; wood=2; unknown=0; knights=0; dev-cards=1	roads=[71,118; 118,102; 102,86; 86,70; 70,134; 134,150; 150,166]; settlements=[88,135]	yey!	 	 
178	23:28:07:331	sabercat	clay=3; ore=1; sheep=1; wheat=1; wood=2; unknown=0; knights=0; dev-cards=1	roads=[71,118; 118,102; 102,86; 86,70; 70,134; 134,150; 150,166]; settlements=[88,135]	thank sou!	 	 
179	23:28:15:495	sabercat	clay=3; ore=1; sheep=1; wheat=1; wood=2; unknown=0; knights=0; dev-cards=1	roads=[71,118; 118,102; 102,86; 86,70; 70,134; 134,150; 150,166]; settlements=[88,135]	*you!	 	 
180	23:28:39:941	amycharl	clay=0; ore=2; sheep=2; wheat=5; wood=0; unknown=0; knights=0; dev-cards=0	roads=[169,99; 99,168; 168,167; 167,184; 184,98]	people got wood or clay?	 	 
181	23:28:49:613	skinnylinny	clay=0; ore=0; sheep=0; wheat=0; wood=0; unknown=0; knights=1; dev-cards=0	roads=[120,68; 68,52; 52,36; 36,37; 37,38; 38,39; 39,56]; settlements=[120,52]	Nope	 	 
182	23:28:55:436	sabercat	clay=3; ore=1; sheep=1; wheat=1; wood=2; unknown=0; knights=0; dev-cards=1	roads=[71,118; 118,102; 102,86; 86,70; 70,134; 134,150; 150,166]; settlements=[88,135]	I got them, what are you offering?	 	 
183	23:29:03:062	sabercat	clay=3; ore=1; sheep=1; wheat=1; wood=2; unknown=0; knights=0; dev-cards=1	roads=[71,118; 118,102; 102,86; 86,70; 70,134; 134,150; 150,166]; settlements=[88,135]	(must be really good!)	 	 
184	23:29:32:646	amycharl	clay=0; ore=2; sheep=2; wheat=5; wood=0; unknown=0; knights=0; dev-cards=0	roads=[169,99; 99,168; 168,167; 167,184; 184,98]	UMM	 	 
185	23:29:39:346	sabercat	clay=3; ore=1; sheep=1; wheat=1; wood=2; unknown=0; knights=0; dev-cards=1	roads=[71,118; 118,102; 102,86; 86,70; 70,134; 134,150; 150,166]; settlements=[88,135]	not that! :D	 	 
186	23:29:43:898	skinnylinny	clay=0; ore=0; sheep=0; wheat=0; wood=0; unknown=0; knights=1; dev-cards=0	roads=[120,68; 68,52; 52,36; 36,37; 37,38; 38,39; 39,56]; settlements=[120,52]	XD	 	 
187	23:29:48:315	amycharl	clay=0; ore=2; sheep=2; wheat=5; wood=0; unknown=0; knights=0; dev-cards=0	roads=[169,99; 99,168; 168,167; 167,184; 184,98]	ore?	 	 
188	23:29:53:603	skinnylinny	clay=0; ore=0; sheep=0; wheat=0; wood=0; unknown=0; knights=1; dev-cards=0	roads=[120,68; 68,52; 52,36; 36,37; 37,38; 38,39; 39,56]; settlements=[120,52]	Lol	 	 
189	23:29:58:211	sabercat	clay=3; ore=1; sheep=1; wheat=1; wood=2; unknown=0; knights=0; dev-cards=1	roads=[71,118; 118,102; 102,86; 86,70; 70,134; 134,150; 150,166]; settlements=[88,135]	dont need that	 	 
190	23:30:15:689	skinnylinny	clay=0; ore=0; sheep=0; wheat=0; wood=0; unknown=0; knights=1; dev-cards=0	roads=[120,68; 68,52; 52,36; 36,37; 37,38; 38,39; 39,56]; settlements=[120,52]	"I have a friend who has a house rule: ""No sexual favours for in-game advantages"""	 	 
191	23:30:29:469	amycharl	clay=0; ore=2; sheep=2; wheat=5; wood=0; unknown=0; knights=0; dev-cards=0	roads=[169,99; 99,168; 168,167; 167,184; 184,98]	you want a sheep?	 	 
192	23:30:47:338	sabercat	clay=3; ore=1; sheep=1; wheat=1; wood=2; unknown=0; knights=0; dev-cards=1	roads=[71,118; 118,102; 102,86; 86,70; 70,134; 134,150; 150,166]; settlements=[88,135]	ah, forget it. you have nothing to offer	 	 
193	23:31:00:302	amycharl	clay=0; ore=2; sheep=2; wheat=5; wood=0; unknown=0; knights=0; dev-cards=0	roads=[169,99; 99,168; 168,167; 167,184; 184,98]	well what do you want?	 	 
194	23:31:30:494	sabercat	clay=3; ore=1; sheep=1; wheat=1; wood=2; unknown=0; knights=0; dev-cards=1	roads=[71,118; 118,102; 102,86; 86,70; 70,134; 134,150; 150,166]; settlements=[88,135]	nothing. I wont give it to you, because you are up to something evil	 	 
195	23:31:47:627	amycharl	clay=0; ore=2; sheep=2; wheat=5; wood=0; unknown=0; knights=0; dev-cards=0	roads=[169,99; 99,168; 168,167; 167,184; 184,98]	am i? what do you mean?	 	 
196	23:31:52:589	sabercat	clay=3; ore=1; sheep=1; wheat=1; wood=2; unknown=0; knights=0; dev-cards=1	roads=[71,118; 118,102; 102,86; 86,70; 70,134; 134,150; 150,166]; settlements=[88,135]	I mean, nine resources, you can probably trade with port...	 	 
197	23:32:19:201	amycharl	clay=0; ore=2; sheep=2; wheat=5; wood=0; unknown=0; knights=0; dev-cards=0	roads=[169,99; 99,168; 168,167; 167,184; 184,98]	i can, but i want a wood and a clay, so if i get one ill trade for the other	 	 
198	23:32:31:922	sabercat	clay=3; ore=1; sheep=1; wheat=1; wood=2; unknown=0; knights=0; dev-cards=1	roads=[71,118; 118,102; 102,86; 86,70; 70,134; 134,150; 150,166]; settlements=[88,135]	:D	 	 
199	23:32:34:140	sabercat	clay=3; ore=1; sheep=1; wheat=1; wood=2; unknown=0; knights=0; dev-cards=1	roads=[71,118; 118,102; 102,86; 86,70; 70,134; 134,150; 150,166]; settlements=[88,135]	move on	 	 
200	23:32:52:472	Server	 		amycharl traded 4 wheat for 1 wood from the bank.	 	 
201	23:33:01:974	Server	 		sabercat rolled a 1 and a 2.	 	 
202	23:33:01:974	Server	 		skinnylinny gets 2 wheat. amycharl gets 1 wheat.	 	 
203	23:33:45:321	Server	 		sabercat built a settlement.	 	 
204	23:33:59:941	Server	 		skinnylinny rolled a 2 and a 3.	 	 
205	23:33:59:941	Server	 		skinnylinny gets 1 clay. amycharl gets 2 wheat.	 
206	23:34:29:237	skinnylinny	clay=1; ore=0; sheep=0; wheat=2; wood=0; unknown=0; knights=1; dev-cards=0	roads=[120,68; 68,52; 52,36; 36,37; 37,38; 38,39; 39,56]; settlements=[120,52]	amy: You want clay?	 	 
207	23:34:36:076	amycharl	clay=0; ore=2; sheep=2; wheat=4; wood=1; unknown=0; knights=0; dev-cards=0	roads=[169,99; 99,168; 168,167; 167,184; 184,98]	yup	 	 
208	23:35:09:410	skinnylinny	clay=1; ore=0; sheep=0; wheat=2; wood=0; unknown=0; knights=1; dev-cards=0	roads=[120,68; 68,52; 52,36; 36,37; 37,38; 38,39; 39,56]; settlements=[120,52]	Got any ore?	 	 
209	23:35:16:091	amycharl	clay=0; ore=2; sheep=2; wheat=4; wood=1; unknown=0; knights=0; dev-cards=0	roads=[169,99; 99,168; 168,167; 167,184; 184,98]	i do	 	 
210	23:35:21:241	amycharl	clay=0; ore=2; sheep=2; wheat=4; wood=1; unknown=0; knights=0; dev-cards=0	roads=[169,99; 99,168; 168,167; 167,184; 184,98]	clay for an ore?	 	 
211	23:35:49:921	skinnylinny	clay=1; ore=0; sheep=0; wheat=2; wood=0; unknown=0; knights=1; dev-cards=0	roads=[120,68; 68,52; 52,36; 36,37; 37,38; 38,39; 39,56]; settlements=[120,52]	Make it two?	 	 
212	23:36:25:059	amycharl	clay=0; ore=2; sheep=2; wheat=4; wood=1; unknown=0; knights=0; dev-cards=0	roads=[169,99; 99,168; 168,167; 167,184; 184,98]	nah, ill just wait	 	 
213	23:36:29:469	sabercat	clay=2; ore=1; sheep=0; wheat=0; wood=1; unknown=0; knights=0; dev-cards=1	roads=[71,118; 118,102; 102,86; 86,70; 70,134; 134,150; 150,166]; settlements=[88,135; 135,182]	:D	 	 
214	23:36:39:550	sabercat	clay=2; ore=1; sheep=0; wheat=0; wood=1; unknown=0; knights=0; dev-cards=1	roads=[71,118; 118,102; 102,86; 86,70; 70,134; 134,150; 150,166]; settlements=[88,135; 135,182]	dont trade! she has too many resources!	 	 
215	23:36:46:985	skinnylinny	clay=1; ore=0; sheep=0; wheat=2; wood=0; unknown=0; knights=1; dev-cards=0	roads=[120,68; 68,52; 52,36; 36,37; 37,38; 38,39; 39,56]; settlements=[120,52]	But then I can get them	 	 
216	23:37:45:238	Server	 		amycharl rolled a 3 and a 2.	 	 
217	23:37:45:238	Server	 		skinnylinny gets 1 clay. amycharl gets 2 wheat.	 	 
218	23:37:59:797	sabercat	clay=2; ore=1; sheep=0; wheat=0; wood=1; unknown=0; knights=0; dev-cards=1	roads=[71,118; 118,102; 102,86; 86,70; 70,134; 134,150; 150,166]; settlements=[88,135; 135,182]	why the five?	 	 
219	23:38:12:013	Server	 		amycharl traded 4 wheat for 1 clay from the bank.	 	 
220	23:38:17:952	Server	 		amycharl built a settlement.	 	 
221	23:38:26:969	sabercat	clay=2; ore=1; sheep=0; wheat=0; wood=1; unknown=0; knights=0; dev-cards=1	roads=[71,118; 118,102; 102,86; 86,70; 70,134; 134,150; 150,166]; settlements=[88,135; 135,182]	I mean its 7, 8 or 5 this game, its getting annoying having none of them! :D	 	 
222	23:38:52:824	Server	 		sabercat rolled a 6 and a 3.	 	 
223	23:38:52:824	Server	 		sabercat gets 1 ore, 1 sheep.	 	 
224	23:39:05:992	sabercat	clay=2; ore=2; sheep=1; wheat=0; wood=1; unknown=0; knights=0; dev-cards=1	roads=[71,118; 118,102; 102,86; 86,70; 70,134; 134,150; 150,166]; settlements=[88,135; 135,182]	anyone got wheat?	 	 
225	23:39:32:355	skinnylinny	clay=2; ore=0; sheep=0; wheat=2; wood=0; unknown=0; knights=1; dev-cards=0	roads=[120,68; 68,52; 52,36; 36,37; 37,38; 38,39; 39,56]; settlements=[120,52]	Yup	 	 
226	23:39:38:828	sabercat	clay=2; ore=2; sheep=1; wheat=0; wood=1; unknown=0; knights=0; dev-cards=1	roads=[71,118; 118,102; 102,86; 86,70; 70,134; 134,150; 150,166]; settlements=[88,135; 135,182]	want ore?	 	 
227	23:40:37:122	sabercat	clay=2; ore=2; sheep=1; wheat=0; wood=1; unknown=0; knights=0; dev-cards=1	roads=[71,118; 118,102; 102,86; 86,70; 70,134; 134,150; 150,166]; settlements=[88,135; 135,182]	yes? no?	 	 
228	23:40:44:157	skinnylinny	clay=2; ore=0; sheep=0; wheat=2; wood=0; unknown=0; knights=1; dev-cards=0	roads=[120,68; 68,52; 52,36; 36,37; 37,38; 38,39; 39,56]; settlements=[120,52]	No thanks	 	 
229	23:40:56:375	sabercat	clay=2; ore=2; sheep=1; wheat=0; wood=1; unknown=0; knights=0; dev-cards=1	roads=[71,118; 118,102; 102,86; 86,70; 70,134; 134,150; 150,166]; settlements=[88,135; 135,182]	okay, how about two ores?	 	 
230	23:41:05:782	skinnylinny	clay=2; ore=0; sheep=0; wheat=2; wood=0; unknown=0; knights=1; dev-cards=0	roads=[120,68; 68,52; 52,36; 36,37; 37,38; 38,39; 39,56]; settlements=[120,52]	Nope	 	 
231	23:41:10:417	sabercat	clay=2; ore=2; sheep=1; wheat=0; wood=1; unknown=0; knights=0; dev-cards=1	roads=[71,118; 118,102; 102,86; 86,70; 70,134; 134,150; 150,166]; settlements=[88,135; 135,182]	clay?	 	 
232	23:41:44:298	sabercat	clay=2; ore=2; sheep=1; wheat=0; wood=1; unknown=0; knights=0; dev-cards=1	roads=[71,118; 118,102; 102,86; 86,70; 70,134; 134,150; 150,166]; settlements=[88,135; 135,182]	clay and ore?	 	 
233	23:41:52:597	sabercat	clay=2; ore=2; sheep=1; wheat=0; wood=1; unknown=0; knights=0; dev-cards=1	roads=[71,118; 118,102; 102,86; 86,70; 70,134; 134,150; 150,166]; settlements=[88,135; 135,182]	please?	 	 
234	23:42:00:849	skinnylinny	clay=2; ore=0; sheep=0; wheat=2; wood=0; unknown=0; knights=1; dev-cards=0	roads=[120,68; 68,52; 52,36; 36,37; 37,38; 38,39; 39,56]; settlements=[120,52]	Nope, got them	 	 
235	23:42:23:863	sabercat	clay=2; ore=2; sheep=1; wheat=0; wood=1; unknown=0; knights=0; dev-cards=1	roads=[71,118; 118,102; 102,86; 86,70; 70,134; 134,150; 150,166]; settlements=[88,135; 135,182]	ah, all right	 	 
236	23:42:33:358	Server	 		skinnylinny rolled a 4 and a 6.	 	 
237	23:42:33:359	Server	 		sabercat gets 1 clay. amycharl gets 2 clay.	 	 
238	23:44:32:223	sabercat	clay=3; ore=2; sheep=1; wheat=0; wood=1; unknown=0; knights=0; dev-cards=1	roads=[71,118; 118,102; 102,86; 86,70; 70,134; 134,150; 150,166]; settlements=[88,135; 135,182]	hello?	 	 
239	23:45:03:621	skinnylinny	clay=2; ore=0; sheep=0; wheat=2; wood=0; unknown=0; knights=1; dev-cards=0	roads=[120,68; 68,52; 52,36; 36,37; 37,38; 38,39; 39,56]; settlements=[120,52]	Argh, sorry	 	 
240	23:45:11:074	skinnylinny	clay=2; ore=0; sheep=0; wheat=2; wood=0; unknown=0; knights=1; dev-cards=0	roads=[120,68; 68,52; 52,36; 36,37; 37,38; 38,39; 39,56]; settlements=[120,52]	Other flatmate just arrived back from work	 	 
241	23:45:19:724	sabercat	clay=3; ore=2; sheep=1; wheat=0; wood=1; unknown=0; knights=0; dev-cards=1	roads=[71,118; 118,102; 102,86; 86,70; 70,134; 134,150; 150,166]; settlements=[88,135; 135,182]	:)	 	 
242	23:45:34:303	Server	 		amycharl rolled a 4 and a 1.	 	 
243	23:45:34:303	Server	 		skinnylinny gets 1 clay. amycharl gets 2 wheat.	 	 
244	23:45:37:526	sabercat	clay=2; ore=2; sheep=1; wheat=0; wood=1; unknown=0; knights=0; dev-cards=1	roads=[71,118; 118,102; 102,86; 86,70; 70,134; 134,150; 150,166]; settlements=[88,135; 135,182]	nooo!	 	 
245	23:45:46:435	sabercat	clay=2; ore=2; sheep=1; wheat=0; wood=1; unknown=0; knights=0; dev-cards=1	roads=[71,118; 118,102; 102,86; 86,70; 70,134; 134,150; 150,166]; settlements=[88,135; 135,182]	why Amy, why?	 	 
246	23:45:58:226	sabercat	clay=2; ore=2; sheep=1; wheat=0; wood=1; unknown=0; knights=0; dev-cards=1	roads=[71,118; 118,102; 102,86; 86,70; 70,134; 134,150; 150,166]; settlements=[88,135; 135,182]	why not ore? or something else?	 	 
247	23:46:08:019	Server	 		sabercat rolled a 4 and a 6.	 	 
248	23:46:08:019	Server	 		sabercat gets 1 clay. amycharl gets 2 clay.	 	 
249	23:46:09:416	amycharl	clay=5; ore=1; sheep=0; wheat=2; wood=0; unknown=0; knights=1; dev-cards=0	roads=[169,99; 99,168; 168,167; 167,184; 184,98]; settlements=[186,201]	i didnt choose	 	 
250	23:46:23:115	Server	 		sabercat traded 2 clay for 1 wheat from a port.	 	 
251	23:46:31:802	Server	 		sabercat built a settlement.	 	 
252	23:46:39:595	Server	 		skinnylinny rolled a 1 and a 3.	 	 
253	23:46:39:595	Server	 		skinnylinny gets 3 sheep. amycharl gets 1 wood.	 	 
254	23:47:55:387	sabercat	clay=0; ore=2; sheep=0; wheat=0; wood=0; unknown=0; knights=0; dev-cards=1	roads=[71,118; 118,102; 102,86; 86,70; 70,134; 134,150; 150,166]; settlements=[88,135; 135,182; 182,86]	skinny?	 	 
255	23:48:00:862	sabercat	clay=0; ore=2; sheep=0; wheat=0; wood=0; unknown=0; knights=0; dev-cards=1	roads=[71,118; 118,102; 102,86; 86,70; 70,134; 134,150; 150,166]; settlements=[88,135; 135,182; 182,86]	something?	 	 
256	23:48:43:468	skinnylinny	clay=3; ore=0; sheep=3; wheat=2; wood=0; unknown=0; knights=1; dev-cards=0	roads=[120,68; 68,52; 52,36; 36,37; 37,38; 38,39; 39,56]; settlements=[120,52]	Huh?	 	 
257	23:48:53:426	sabercat	clay=0; ore=2; sheep=0; wheat=0; wood=0; unknown=0; knights=0; dev-cards=1	roads=[71,118; 118,102; 102,86; 86,70; 70,134; 134,150; 150,166]; settlements=[88,135; 135,182; 182,86]	your turn still!	 	 
258	23:49:02:134	skinnylinny	clay=3; ore=0; sheep=3; wheat=2; wood=0; unknown=0; knights=1; dev-cards=0	roads=[120,68; 68,52; 52,36; 36,37; 37,38; 38,39; 39,56]; settlements=[120,52]	Oh!	 	 
259	23:49:14:225	skinnylinny	clay=3; ore=0; sheep=3; wheat=2; wood=0; unknown=0; knights=1; dev-cards=0	roads=[120,68; 68,52; 52,36; 36,37; 37,38; 38,39; 39,56]; settlements=[120,52]	Does anyone have any wood?	 	 
260	23:49:18:323	sabercat	clay=0; ore=2; sheep=0; wheat=0; wood=0; unknown=0; knights=0; dev-cards=1	roads=[71,118; 118,102; 102,86; 86,70; 70,134; 134,150; 150,166]; settlements=[88,135; 135,182; 182,86]	no	 	 
261	23:49:24:671	sabercat	clay=0; ore=2; sheep=0; wheat=0; wood=0; unknown=0; knights=0; dev-cards=1	roads=[71,118; 118,102; 102,86; 86,70; 70,134; 134,150; 150,166]; settlements=[88,135; 135,182; 182,86]	and watch it please!!!	 	 
262	23:49:30:542	skinnylinny	clay=3; ore=0; sheep=3; wheat=2; wood=0; unknown=0; knights=1; dev-cards=0	roads=[120,68; 68,52; 52,36; 36,37; 37,38; 38,39; 39,56]; settlements=[120,52]	Sorry	 	
263	23:49:40:195	Server	 		amycharl rolled a 1 and a 3.	 	 
264	23:49:40:195	Server	 		skinnylinny gets 3 sheep. amycharl gets 1 wood.	 	 
265	23:50:00:151	Server	 		amycharl built a road.	 	 
266	23:50:08:411	Server	 		amycharl built a road.	 	 
267	23:50:27:587	Server	 		sabercat rolled a 1 and a 2.	 	 
268	23:50:27:587	Server	 		sabercat gets 1 wheat. skinnylinny gets 2 wheat. amycharl gets 2 wheat.	 
269	23:50:59:070	sabercat	clay=0; ore=2; sheep=0; wheat=1; wood=0; unknown=0; knights=0; dev-cards=1	roads=[71,118; 118,102; 102,86; 86,70; 70,134; 134,150; 150,166]; settlements=[88,135; 135,182; 182,86]	anyone can trade sheep for ore? (I give ore..)	 	 
270	23:51:10:578	skinnylinny	clay=3; ore=0; sheep=6; wheat=4; wood=0; unknown=0; knights=1; dev-cards=0	roads=[120,68; 68,52; 52,36; 36,37; 37,38; 38,39; 39,56]; settlements=[120,52]	I can	 	 
271	23:51:11:176	amycharl	clay=3; ore=1; sheep=0; wheat=4; wood=0; unknown=0; knights=1; dev-cards=0	roads=[169,99; 99,168; 168,167; 167,184; 184,98; 98,170; 170,154]; settlements=[186,201]	nope	 	 
272	23:51:17:823	skinnylinny	clay=3; ore=0; sheep=6; wheat=4; wood=0; unknown=0; knights=1; dev-cards=0	roads=[120,68; 68,52; 52,36; 36,37; 37,38; 38,39; 39,56]; settlements=[120,52]	How many sheep do you want?	 	 
273	23:51:34:549	sabercat	clay=0; ore=2; sheep=0; wheat=1; wood=0; unknown=0; knights=0; dev-cards=1	roads=[71,118; 118,102; 102,86; 86,70; 70,134; 134,150; 150,166]; settlements=[88,135; 135,182; 182,86]	will you get two for an ore?	 	 
274	23:51:40:474	skinnylinny	clay=3; ore=0; sheep=6; wheat=4; wood=0; unknown=0; knights=1; dev-cards=0	roads=[120,68; 68,52; 52,36; 36,37; 37,38; 38,39; 39,56]; settlements=[120,52]	Huh?	 	 
275	23:51:40:663	sabercat	clay=0; ore=2; sheep=0; wheat=1; wood=0; unknown=0; knights=0; dev-cards=1	roads=[71,118; 118,102; 102,86; 86,70; 70,134; 134,150; 150,166]; settlements=[88,135; 135,182; 182,86]	give	 	 
276	23:51:45:335	sabercat	clay=0; ore=2; sheep=0; wheat=1; wood=0; unknown=0; knights=0; dev-cards=1	roads=[71,118; 118,102; 102,86; 86,70; 70,134; 134,150; 150,166]; settlements=[88,135; 135,182; 182,86]	sorry...	 	 
277	23:51:53:860	skinnylinny	clay=3; ore=0; sheep=6; wheat=4; wood=0; unknown=0; knights=1; dev-cards=0	roads=[120,68; 68,52; 52,36; 36,37; 37,38; 38,39; 39,56]; settlements=[120,52]	I'd rather get two ore for two sheep	 	 
278	23:51:54:399	Server	 		sabercat made an offer to trade 1 ore for 1 sheep.	 	 
279	23:51:57:760	Server	 		sabercat traded 1 ore for 1 sheep from skinnylinny.	 	 
280	23:52:03:287	sabercat	clay=0; ore=1; sheep=1; wheat=1; wood=0; unknown=0; knights=0; dev-cards=1	roads=[71,118; 118,102; 102,86; 86,70; 70,134; 134,150; 150,166]; settlements=[88,135; 135,182; 182,86]	thanks	 	 
281	23:52:08:279	skinnylinny	clay=3; ore=1; sheep=5; wheat=4; wood=0; unknown=0; knights=1; dev-cards=0	roads=[120,68; 68,52; 52,36; 36,37; 37,38; 38,39; 39,56]; settlements=[120,52]	welcome	 	 
282	23:52:13:349	Server	 		skinnylinny rolled a 6 and a 6.	 	 
283	23:52:13:349	Server	 		sabercat gets 1 wheat.	 	 
284	23:52:47:557	Server	 		skinnylinny traded 4 sheep for 1 wood from the bank.	 	 
285	23:53:02:955	Server	 		skinnylinny built a settlement.	 	 
286	23:53:26:570	Server	 		amycharl rolled a 6 and a 2.	 	 
287	23:53:26:571	Server	 		skinnylinny gets 2 ore. amycharl gets 2 ore, 1 wood.	 	 
288	23:53:59:309	Server	 		amycharl built a city.	 	 
289	23:54:14:254	Server	 		amycharl built a road.	 	 
290	23:54:23:313	Server	 		sabercat rolled a 3 and a 1.	 	 
291	23:54:23:313	Server	 		skinnylinny gets 3 sheep. amycharl gets 2 wood.	 	 
292	23:54:30:245	Server	 		skinnylinny rolled a 1 and a 5.	 	 
293	23:54:30:245	Server	 		sabercat gets 1 sheep. amycharl gets 1 sheep.	 	 
294	23:55:08:557	Server	 		amycharl rolled a 4 and a 6.	 	 
295	23:55:08:557	Server	 		sabercat gets 1 clay. amycharl gets 2 clay.	 	 
296	23:55:17:509	Server	 		amycharl built a settlement.	 	 
297	23:55:30:493	Server	 		amycharl built a road.	 	 
298	23:55:51:294	Server	 		sabercat rolled a 3 and a 2.	 	 
299	23:55:51:294	Server	 		skinnylinny gets 1 clay. amycharl gets 1 clay, 2 wheat.	 	 
300	23:56:01:777	Server	 		skinnylinny rolled a 6 and a 5.	 	 
301	23:56:01:777	Server	 		sabercat gets 2 wood. skinnylinny gets 2 wood.	 	 
302	23:56:08:190	Server	 		skinnylinny built a road.	 	 
303	23:56:11:570	Server	 		skinnylinny built a road.	 	 
304	23:56:45:047	Server	 		amycharl rolled a 5 and a 6.	 	 
305	23:56:45:048	Server	 		sabercat gets 2 wood. skinnylinny gets 2 wood.	 	 
306	23:57:06:147	Server	 		sabercat rolled a 2 and a 1.	 	 
307	23:57:06:148	Server	 		sabercat gets 1 wheat. skinnylinny gets 2 wheat. amycharl gets 3 wheat.	 	 
308	23:57:23:496	sabercat	clay=1; ore=0; sheep=1; wheat=2; wood=4; unknown=0; knights=0; dev-cards=1	roads=[71,118; 118,102; 102,86; 86,70; 70,134; 134,150; 150,166]; settlements=[88,135; 135,182; 182,86]	oh crap :D	 	 
309	23:57:40:626	skinnylinny	clay=2; ore=0; sheep=0; wheat=2; wood=2; unknown=0; knights=2; dev-cards=2	roads=[120,68; 68,52; 52,36; 36,37; 37,38; 38,39; 39,56; 56,73; 73,90]; settlements=[120,52; 52,56]	Hehehe	 	 
310	23:57:42:374	skinnylinny	clay=2; ore=0; sheep=0; wheat=2; wood=2; unknown=0; knights=2; dev-cards=2	roads=[120,68; 68,52; 52,36; 36,37; 37,38; 38,39; 39,56; 56,73; 73,90]; settlements=[120,52; 52,56]	Oh well	 	 
311	23:57:55:250	sabercat	clay=1; ore=0; sheep=1; wheat=2; wood=4; unknown=0; knights=0; dev-cards=1	roads=[71,118; 118,102; 102,86; 86,70; 70,134; 134,150; 150,166]; settlements=[88,135; 135,182; 182,86]	anyone got clay?	 	 
312	23:58:07:794	skinnylinny	clay=2; ore=0; sheep=0; wheat=2; wood=2; unknown=0; knights=2; dev-cards=2	roads=[120,68; 68,52; 52,36; 36,37; 37,38; 38,39; 39,56; 56,73; 73,90]; settlements=[120,52; 52,56]	Sorry	 	 
313	23:58:44:559	Server	 		skinnylinny rolled a 6 and a 6.	 	 
314	23:58:44:560	Server	 		sabercat gets 1 wheat. skinnylinny gets 1 wheat.	 	 
315	23:58:51:760	sabercat	clay=1; ore=0; sheep=1; wheat=3; wood=4; unknown=0; knights=0; dev-cards=1	roads=[71,118; 118,102; 102,86; 86,70; 70,134; 134,150; 150,166]; settlements=[88,135; 135,182; 182,86]	yey!	 	 
316	23:59:04:826	sabercat	clay=1; ore=0; sheep=1; wheat=3; wood=4; unknown=0; knights=0; dev-cards=1	roads=[71,118; 118,102; 102,86; 86,70; 70,134; 134,150; 150,166]; settlements=[88,135; 135,182; 182,86]	good one!	 	 
317	23:59:10:316	skinnylinny	clay=2; ore=0; sheep=0; wheat=4; wood=2; unknown=0; knights=3; dev-cards=1	roads=[120,68; 68,52; 52,36; 36,37; 37,38; 38,39; 39,56; 56,73; 73,90]; settlements=[120,52; 52,56]	:D Thanks guys	 	 
318	23:59:11:398	amycharl	clay=2; ore=0; sheep=0; wheat=5; wood=0; unknown=0; knights=1; dev-cards=0	roads=[169,99; 99,168; 168,167; 167,184; 184,98; 98,170; 170,154; 154,138; 138,122]; settlements=[201,154]; cities=[116,186]	well done	 	 
319	23:59:16:132	skinnylinny	clay=2; ore=0; sheep=0; wheat=4; wood=2; unknown=0; knights=3; dev-cards=1	roads=[120,68; 68,52; 52,36; 36,37; 37,38; 38,39; 39,56; 56,73; 73,90]; settlements=[120,52; 52,56]	(well, girls)	 	 
320	23:59:25:146	sabercat	clay=1; ore=0; sheep=1; wheat=3; wood=4; unknown=0; knights=0; dev-cards=1	roads=[71,118; 118,102; 102,86; 86,70; 70,134; 134,150; 150,166]; settlements=[88,135; 135,182; 182,86]	okay, so play the last game on thursday..	 	 
321	23:59:28:287	skinnylinny	clay=2; ore=0; sheep=0; wheat=4; wood=2; unknown=0; knights=3; dev-cards=1	roads=[120,68; 68,52; 52,36; 36,37; 37,38; 38,39; 39,56; 56,73; 73,90]; settlements=[120,52; 52,56]	RIght, and on that note, it's time for bed!	 	 
322	23:59:36:462	amycharl	clay=2; ore=0; sheep=0; wheat=5; wood=0; unknown=0; knights=1; dev-cards=0	roads=[169,99; 99,168; 168,167; 167,184; 184,98; 98,170; 170,154; 154,138; 138,122]; settlements=[201,154]; cities=[116,186]	night :)	 	 
323	23:59:37:096	sabercat	clay=1; ore=0; sheep=1; wheat=3; wood=4; unknown=0; knights=0; dev-cards=1	roads=[71,118; 118,102; 102,86; 86,70; 70,134; 134,150; 150,166]; settlements=[88,135; 135,182; 182,86]	well.. its 1 here	 	 
324	23:59:38:975	sabercat	clay=1; ore=0; sheep=1; wheat=3; wood=4; unknown=0; knights=0; dev-cards=1	roads=[71,118; 118,102; 102,86; 86,70; 70,134; 134,150; 150,166]; settlements=[88,135; 135,182; 182,86]	:D	 	 
325	23:59:39:333	skinnylinny	clay=2; ore=0; sheep=0; wheat=4; wood=2; unknown=0; knights=3; dev-cards=1	roads=[120,68; 68,52; 52,36; 36,37; 37,38; 38,39; 39,56; 56,73; 73,90]; settlements=[120,52; 52,56]	Night!	 	 
326	23:59:42:871	sabercat	clay=1; ore=0; sheep=1; wheat=3; wood=4; unknown=0; knights=0; dev-cards=1	roads=[71,118; 118,102; 102,86; 86,70; 70,134; 134,150; 150,166]; settlements=[88,135; 135,182; 182,86]	night!	 	 
327	23:59:45:605	skinnylinny	clay=2; ore=0; sheep=0; wheat=4; wood=2; unknown=0; knights=3; dev-cards=1	roads=[120,68; 68,52; 52,36; 36,37; 37,38; 38,39; 39,56; 56,73; 73,90]; settlements=[120,52; 52,56]	Take care, all.	 	 
